orderid,username
O101,KatherinB
O102,EllG
O103,EmmC
O104,PippV
O105,EmmN
O106,ConnoC
O107,HarrP
O108,AdaS
O109,IrenD
O110,StephaniN
O111,StepheP
O112,ZoM
O113,AbigaiJ
O114,ChristiaF
O115,NeiB
O116,AndreB
O117,PhiP
O118,SophiS
O119,NicholaH
O120,LilliaL
O121,NataliS
O122,AustiK
O123,JaD
O124,StewarM
O125,CarH
O126,AdaK
O127,LucaG
O128,YvonnN
O129,SeaM
O130,KeviA
O131,AudreP
O132,SallL
O133,KatherinB
O134,EllG
O135,EmmC
O136,PippV
O137,EmmN
O138,ConnoC
O139,HarrP
O140,AdaS
O141,IrenD
O142,StephaniN
O143,StepheP
O144,ZoM
O145,AbigaiJ
O146,ChristiaF
O147,NeiB
O148,AndreB
O149,PhiP
O150,SophiS
O151,NicholaH
O152,LilliaL
O153,NataliS
O154,AustiK
O155,JaD
O156,StewarM
O157,CarH
O158,AdaK
O159,LucaG
O160,YvonnN
O161,SeaM
O162,KeviA
O163,AudreP
O164,SallL
O165,KatherinB
O166,EllG
O167,EmmC
O168,PippV
O169,EmmN
O170,ConnoC
O171,HarrP
O172,AdaS
O173,IrenD
O174,StephaniN
O175,StepheP
O176,ZoM
O177,AbigaiJ
O178,ChristiaF
O179,NeiB
O180,AndreB
O181,PhiP
O182,SophiS
O183,NicholaH
O184,LilliaL
O185,NataliS
O186,AustiK
O187,JaD
O188,StewarM
O189,CarH
O190,AdaK
O191,LucaG
O192,YvonnN
O193,SeaM
O194,KeviA
O195,AudreP
O196,SallL
O197,KatherinB
O198,EllG
O199,EmmC
O200,PippV
O201,EmmN
O202,ConnoC
O203,HarrP
O204,AdaS
O205,IrenD
O206,StephaniN
O207,StepheP
O208,AudreP
O209,SallL
O210,KatherinB
O211,EllG
O212,EmmC
O213,PippV
O214,EmmN
O215,ConnoC
O216,HarrP
O217,AdaS
O218,IrenD
O219,StephaniN
O220,StepheP
O221,ZoM
O222,AbigaiJ
O223,ChristiaF
O224,NeiB
O225,AndreB
O226,PhiP
O227,SophiS
O228,NicholaH
O229,LilliaL
O230,NataliS
O231,AustiK
O232,PippV
O233,EmmN
O234,ConnoC
O235,HarrP
O236,AdaS
O237,IrenD
O238,StephaniN
O239,StepheP
O240,ZoM
O241,AbigaiJ
O242,ChristiaF
O243,NeiB
O244,AndreB
O245,PhiP
O246,SophiS
O247,StepheP
O248,ZoM
O249,AbigaiJ
O250,ChristiaF
O251,NeiB
O252,AndreB
O253,PhiP
O254,SophiS
O255,StepheP
O256,ZoM
O257,AbigaiJ
O258,ChristiaF
O259,NeiB
O260,AndreB
O261,PhiP
O262,SophiS
O263,EmmC
O264,PippV
O265,EmmN
O266,ConnoC
O267,HarrP
O268,AdaS
O269,IrenD
O270,StephaniN
O271,StepheP
O272,ZoM
O273,AbigaiJ
O274,ChristiaF
O275,NeiB
O276,AndreB
O277,PhiP
O278,SophiS
O279,NicholaH
O280,LilliaL
O281,NataliS
O282,AustiK
O283,JaD
O284,StewarM
O285,CarH
O286,AdaK
O287,LucaG
O288,YvonnN
O289,SeaM
O290,KeviA
O291,AudreP
O292,SallL
O293,KatherinB
O294,EllG
O295,EmmC
O296,PippV
O297,EmmN
O298,ConnoC
O299,HarrP
O300,AdaS
O301,IrenD
O302,StephaniN
O303,StepheP
O304,ZoM
O305,AbigaiJ
O306,ChristiaF
O307,NeiB
O308,AndreB
O309,PhiP
O310,SophiS
O311,NicholaH
O312,LilliaL
O313,NataliS
O314,AustiK
O315,JaD
O316,StewarM
O317,CarH
O318,AdaK
O319,LucaG
O320,YvonnN
O321,SeaM
O322,KeviA
O323,AudreP
O324,SallL
O325,KatherinB
O326,EllG
O327,EmmC
O328,PippV
O329,EmmN
O330,ConnoC
O331,HarrP
O332,AdaS
O333,IrenD
O334,StephaniN
O335,StepheP
O336,ZoM
O337,AbigaiJ
O338,ChristiaF
O339,NeiB
O340,AndreB
O341,PhiP
O342,SophiS
O343,NicholaH
O344,LilliaL
O345,NataliS
O346,AustiK
O347,JaD
O348,StewarM
O349,CarH
O350,AdaK
O351,LucaG
O352,YvonnN
O353,SeaM
O354,KeviA
O355,AudreP
O356,SallL
O357,KatherinB
O358,EllG
O359,EmmC
O360,PippV
O361,EmmN
O362,ConnoC
O363,HarrP
O364,AdaS
O365,IrenD
O366,StephaniN
O367,StepheP
O368,ZoM
O369,AbigaiJ
O370,ChristiaF
O371,NeiB
O372,AndreB
O373,PhiP
O374,SophiS
O375,NicholaH
O376,LilliaL
O377,NataliS
O378,AustiK
O379,JaD
O380,StewarM
O381,CarH
O382,AdaK
O383,LucaG
O384,YvonnN
O385,SeaM
O386,KeviA
O387,AudreP
O388,SallL
O389,KatherinB
O390,EllG
O391,EmmC
O392,PippV
O393,EmmN
O394,ConnoC
O395,HarrP
O396,AdaS
O397,IrenD
O398,StephaniN
O399,StepheP
O400,ZoM
O401,AbigaiJ
O402,ChristiaF
O403,NeiB
O404,AndreB
O405,PhiP
O406,SophiS
O407,NicholaH
O408,LilliaL
O409,NataliS
O410,AustiK
O411,JaD
O412,StewarM
O413,CarH
O414,AdaK
O415,LucaG
O416,YvonnN
O417,SeaM
O418,KeviA
O419,AudreP
O420,SallL
O421,KatherinB
O422,EllG
O423,EmmC
O424,PippV
O425,EmmN
O426,ConnoC
O427,HarrP
O428,AdaS
O429,IrenD
O430,StephaniN
O431,StepheP
O432,ZoM
O433,AbigaiJ
O434,ChristiaF
O435,NeiB
O436,StepheP
O437,ZoM
O438,AbigaiJ
O439,ChristiaF
O440,NeiB
O441,AndreB
O442,PhiP
O443,SophiS
O444,StewarM
O445,CarH
O446,AdaK
O447,LucaG
O448,YvonnN
O449,SeaM
O450,KeviA
O451,AudreP
O452,SallL
O453,KatherinB
O454,EllG
O455,EmmC
O456,PippV
O457,EmmN
O458,ConnoC
O459,HarrP
O460,AdaS
O461,IrenD
O462,StephaniN
O463,StepheP
O464,ZoM
O465,AbigaiJ
O466,ChristiaF
O467,NeiB
O468,AndreB
O469,PhiP
O470,SophiS
O471,NicholaH
O472,LilliaL
O473,NataliS
O474,AustiK
O475,JaD
O476,StepheP
O477,ZoM
O478,AbigaiJ
O479,ChristiaF
O480,NeiB
O481,AndreB
O482,PhiP
O483,SophiS
O484,SallL
O485,KatherinB
O486,EllG
O487,EmmC
O488,PippV
O489,EmmN
O490,ConnoC
O491,HarrP
O492,AdaS
O493,IrenD
O494,StephaniN
O495,StepheP
O496,ZoM
O497,AbigaiJ
O498,ChristiaF
O499,NeiB
O500,AndreB
O501,PhiP
O502,SophiS
O503,NicholaH
O504,LilliaL
O505,NataliS
O506,AustiK
O507,JaD
O508,StewarM
O509,CarH
O510,AdaK
O511,LucaG
O512,YvonnN
O513,SeaM
O514,KeviA
O515,AudreP
O516,SallL
O517,KatherinB
O518,EllG
O519,EmmC
O520,PippV
O521,EmmN
O522,ConnoC
O523,HarrP
O524,AdaS
O525,StepheP
O526,ZoM
O527,AbigaiJ
O528,ChristiaF
O529,NeiB
O530,AndreB
O531,PhiP
O532,SophiS
O533,PhiP
O534,SophiS
O535,NicholaH
O536,LilliaL
O537,NataliS
O538,AustiK
O539,JaD
O540,StewarM
O541,CarH
O542,AdaK
O543,LucaG
O544,YvonnN
O545,SeaM
O546,KeviA
O547,AudreP
O548,SallL
O549,KatherinB
O550,EllG
O551,EmmC
O552,PippV
O553,EmmN
O554,ConnoC
O555,HarrP
O556,AdaS
O557,IrenD
O558,StephaniN
O559,StepheP
O560,ZoM
O561,AbigaiJ
O562,ChristiaF
O563,NeiB
O564,AndreB
O565,PhiP
O566,SophiS
O567,NicholaH
O568,LilliaL
O569,NataliS
O570,AustiK
O571,JaD
O572,StewarM
O573,CarH
O574,AdaK
O575,LucaG
O576,YvonnN
O577,SeaM
O578,KeviA
O579,AudreP
O580,SallL
O581,KatherinB
O582,EllG
O583,EmmC
O584,PippV
O585,EmmN
O586,ConnoC
O587,HarrP
O588,AdaS
O589,IrenD
O590,StephaniN
O591,StepheP
O592,ZoM
O593,AbigaiJ
O594,ChristiaF
O595,NeiB
O596,AndreB
O597,PhiP
O598,SophiS
O599,NicholaH
O600,LilliaL
O601,NataliS
O602,AustiK
O603,JaD
O604,StewarM
O605,CarH
O606,AdaK
O607,LucaG
O608,YvonnN
O609,SeaM
O610,KeviA
O611,AudreP
O612,SallL
O613,KatherinB
O614,EllG
O615,EmmC
O616,PippV
O617,EmmN
O618,ConnoC
O619,HarrP
O620,AdaS
O621,IrenD
O622,StephaniN
O623,StepheP
O624,ZoM
O625,AbigaiJ
O626,ChristiaF
O627,NeiB
O628,AndreB
O629,PhiP
O630,SophiS
O631,NicholaH
O632,LilliaL
O633,NataliS
O634,AustiK
O635,JaD
O636,StewarM
O637,CarH
O638,AdaK
O639,LucaG
O640,YvonnN
O641,SeaM
O642,KeviA
O643,AudreP
O644,SallL
O645,KatherinB
O646,EllG
O647,EmmC
O648,PippV
O649,EmmN
O650,ConnoC
O651,HarrP
O652,AdaS
O653,IrenD
O654,StephaniN
O655,StepheP
O656,ZoM
O657,AbigaiJ
O658,ChristiaF
O659,NeiB
O660,AndreB
O661,PhiP
O662,SophiS
O663,NicholaH
O664,LilliaL
O665,NataliS
O666,AustiK
O667,JaD
O668,StewarM
O669,CarH
O670,AdaK
O671,LucaG
O672,YvonnN
O673,SeaM
O674,KeviA
O675,AudreP
O676,SallL
O677,KatherinB
O678,EllG
O679,EmmC
O680,PippV
O681,EmmN
O682,ConnoC
O683,HarrP
O684,AdaS
O685,IrenD
O686,StephaniN
O687,StepheP
O688,ZoM
O689,AbigaiJ
O690,ChristiaF
O691,NeiB
O692,AndreB
O693,PhiP
O694,SophiS
O695,NicholaH
O696,LilliaL
O697,NataliS
O698,AustiK
O699,JaD
O700,StewarM
O701,CarH
O702,AdaK
O703,LucaG
O704,YvonnN
O705,SeaM
O706,KeviA
O707,AudreP
O708,SallL
O709,KatherinB
O710,EllG
O711,EmmC
O712,PippV
O713,EmmN
O714,ConnoC
O715,HarrP
O716,AdaS
O717,IrenD
O718,StephaniN
O719,StepheP
O720,ZoM
O721,AbigaiJ
O722,ChristiaF
O723,NeiB
O724,AndreB
O725,PhiP
O726,SophiS
O727,NicholaH
O728,LilliaL
O729,NataliS
O730,AustiK
O731,JaD
O732,StewarM
O733,CarH
O734,AdaK
O735,LucaG
O736,YvonnN
O737,SeaM
O738,KeviA
O739,AudreP
O740,SallL
O741,KatherinB
O742,EllG
O743,EmmC
O744,PippV
O745,EmmN
O746,ConnoC
O747,HarrP
O748,AdaS
O749,IrenD
O750,StephaniN
O751,StepheP
O752,ZoM
O753,AbigaiJ
O754,ChristiaF
O755,NeiB
O756,AndreB
O757,PhiP
O758,SophiS
O759,NicholaH
O760,LilliaL
O761,NataliS
O762,AustiK
O763,JaD
O764,StewarM
O765,CarH
O766,AdaK
O767,LucaG
O768,YvonnN
O769,SeaM
O770,KeviA
O771,AudreP
O772,SallL
O773,KatherinB
O774,EllG
O775,EmmC
O776,PippV
O777,EmmN
O778,ConnoC
O779,HarrP
O780,AdaS
O781,IrenD
O782,StephaniN
O783,StepheP
O784,ZoM
O785,AbigaiJ
O786,ChristiaF
O787,NeiB
O788,AndreB
O789,PhiP
O790,SophiS
O791,NicholaH
O792,LilliaL
O793,NataliS
O794,AustiK
O795,JaD
O796,StewarM
O797,CarH
O798,AdaK
O799,LucaG
O800,YvonnN
O801,SeaM
O802,KeviA
O803,AudreP
O804,SallL
O805,KatherinB
O806,EllG
O807,EmmC
O808,PippV
O809,EmmN
O810,ConnoC
O811,HarrP
O812,AdaS
O813,IrenD
O814,StephaniN
O815,StepheP
O816,ZoM
O817,AbigaiJ
O818,ChristiaF
O819,NeiB
O820,AndreB
O821,PhiP
O822,SophiS
O823,NicholaH
O824,LilliaL
O825,NataliS
O826,AustiK
O827,JaD
O828,StewarM
O829,CarH
O830,AdaK
O831,LucaG
O832,YvonnN
O833,SeaM
O834,KeviA
O835,AudreP
O836,SallL
O837,KatherinB
O838,EllG
O839,EmmC
O840,PippV
O841,EmmN
O842,ConnoC
O843,HarrP
O844,AdaS
O845,IrenD
O846,StephaniN
O847,StepheP
O848,ZoM
O849,AbigaiJ
O850,ChristiaF
O851,NeiB
O852,AndreB
O853,PhiP
O854,SophiS
O855,NicholaH
O856,LilliaL
O857,NataliS
O858,AustiK
O859,JaD
O860,StewarM
O861,CarH
O862,AdaK
O863,LucaG
O864,YvonnN
O865,SeaM
O866,KeviA
O867,AudreP
O868,SallL
O869,KatherinB
O870,EllG
O871,EmmC
O872,PippV
O873,EmmN
O874,ConnoC
O875,HarrP
O876,AdaS
O877,IrenD
O878,StephaniN
O879,StepheP
O880,ZoM
O881,AbigaiJ
O882,ChristiaF
O883,NeiB
O884,AndreB
O885,PhiP
O886,SophiS
O887,StepheP
O888,ZoM
O889,AbigaiJ
O890,ChristiaF
O891,NeiB
O892,AndreB
O893,PhiP
O894,SophiS
O895,LucaG
O896,YvonnN
O897,SeaM
O898,KeviA
O899,AudreP
