gymid,trainerid,trainerfirstname,trainerlastname,phonenumber
G101010101,AbigaiA,Abigail,Abraham,6546767996
G101010102,AlexandrA,Alexandra,Allan,6749249672
G101010103,AlisoA,Alison,Alsop,5037506410
G101010104,AmandA,Amanda,Anderson,9099240477
G101010105,AmeliA,Amelia,Arnold,4703563201
G101010106,AmA,Amy,Avery,5547115300
G101010107,AndreB,Andrea,Bailey,2549791096
G101010108,AngelB,Angela,Baker,5747895469
G101010109,AnnB,Anna,Ball,7432397714
G101010111,AudreB,Audrey,Berry,6495584454
G101010112,AvB,Ava,Black,6452676288
G101010113,BellB,Bella,Blake,7786498912
G101010114,BernadettB,Bernadette,Bond,5178592996
G101010115,CaroB,Carol,Bower,2245793454
G101010116,CarolinB,Caroline,Brown,8924961604
G101010102,CarolyB,Carolyn,Buckland,7119342701
G101010103,ChloB,Chloe,Burgess,4062339194
G101010104,ClairB,Claire,Butler,5702275374
G101010105,DeirdrC,Deirdre,Cameron,9414560365
G101010106,DianC,Diana,Campbell,4698768017
G101010107,DonnC,Donna,Chapman,3533093069
G101010108,DorothC,Dorothy,Churchill,4764963591
G101010109,ElizabetC,Elizabeth,Clark,5524673498
G101010111,EllC,Ella,Clarkson,8569343601
G101010112,EmilC,Emily,Coleman,9463482911
G101010113,EmmC,Emma,Cornish,6818900282
G101010114,FaitD,Faith,Davidson,6787167904
G101010115,FelicitD,Felicity,Davies,8879667192
G101010116,FionD,Fiona,Dickens,7433110745
G101010102,GabriellD,Gabrielle,Dowd,4677753764
G101010103,GracD,Grace,Duncan,7885689371
G101010104,HannaD,Hannah,Dyer,8415345796
G101010105,HeatheE,Heather,Edmunds,4065666607
G101010106,IrenE,Irene,Ellison,8008328225
G101010107,JaF,Jan,Ferguson,6306925337
G101010108,JanF,Jane,Fisher,4208599507
G101010109,JasminF,Jasmine,Forsyth,5838987313
G101010111,JennifeF,Jennifer,Fraser,9716566943
G101010112,JessicG,Jessica,Gibson,4745425924
G101010113,JoaG,Joan,Gill,8592536282
G101010114,JoannG,Joanne,Glover,4179756924
G101010115,JuliG,Julia,Graham,8974660797
G101010116,KareG,Karen,Grant,9859131917
G101010102,KatherinG,Katherine,Gray,4687393990
G101010103,KimberlG,Kimberly,Greene,6364815079
G101010104,KyliH,Kylie,Hamilton,9166376951
G101010105,LaureH,Lauren,Hardacre,8909111780
G101010106,LeaH,Leah,Harris,6979728556
G101010107,LilliaH,Lillian,Hart,2982076658
G101010108,LilH,Lily,Hemmings,6595562992
G101010109,LisH,Lisa,Henderson,6747743455
G101010111,MadeleinH,Madeleine,Hill,8712992858
G101010112,MariH,Maria,Hodges,2378725781
G101010113,MarH,Mary,Howard,3765133151
G101010114,MegaH,Megan,Hudson,2459095001
G101010115,MelaniH,Melanie,Hughes,9173120277
G101010116,MichellH,Michelle,Hunter,9916972075
G101010102,MollI,Molly,Ince,7884989441
G101010103,NataliJ,Natalie,Jackson,3387620132
G101010104,NicolJ,Nicola,James,5053089117
G101010105,OliviJ,Olivia,Johnston,6674612220
G101010106,PenelopJ,Penelope,Jones,5974906284
G101010107,PippK,Pippa,Kelly,9353509590
G101010108,RacheK,Rachel,Kerr,9936727861
G101010109,RebeccK,Rebecca,King,6454727320
G101010111,RosK,Rose,Knox,7453825550
G101010112,RutL,Ruth,Lambert,6402228401
G101010113,SallL,Sally,Langdon,2597068257
G101010114,SamanthL,Samantha,Lawrence,2736367456
G101010115,SaraL,Sarah,Lee,5437687513
G101010116,SoniL,Sonia,Lewis,7587702386
G101010102,SophiL,Sophie,Lyman,7943137639
G101010103,StephaniM,Stephanie,MacDonald,9933844563
G101010104,SuM,Sue,Mackay,9795530443
G101010105,TheresM,Theresa,Mackenzie,4553026097
G101010106,TraceM,Tracey,MacLeod,6019419831
G101010107,CameroM,Cameron,Manning,5914126232
G101010108,CarM,Carl,Marshall,3469157212
G101010109,CharleM,Charles,Martin,7328111948
G101010111,ChristiaM,Christian,Mathis,9126726912
G101010112,ChristopheM,Christopher,May,3802638687
G101010113,ColiM,Colin,McDonald,5239983200
G101010114,ConnoM,Connor,McLean,7322756611
G101010115,DaM,Dan,McGrath,8934314739
G101010116,DaviM,David,Metcalfe,4045224275
G101010102,DominiM,Dominic,Miller,2565037825
G101010103,DylaM,Dylan,Mills,4106941567
G101010104,EdwarM,Edward,Mitchell,5084663453
G101010105,EriM,Eric,Morgan,3298324498
G101010106,EvaM,Evan,Morrison,7905995827
G101010107,FranM,Frank,Murray,4758568821
G101010108,GaviN,Gavin,Nash,6172741696
G101010109,GordoN,Gordon,Newman,9678991236
G101010111,HarrN,Harry,Nolan,7445342982
G101010112,IaN,Ian,North,6218401629
G101010113,IsaaO,Isaac,Ogden,8776797788
G101010114,JacO,Jack,Oliver,2258136633
G101010115,JacoP,Jacob,Paige,2553797714
G101010116,,,,
