workoutplanid,trainerid,username,expertid,caloriesreport
W101,AbigaiA,RyaM,JoannM,500
W105,AmeliA,KatherinB,EriA,504
W106,AmA,LaureO,BoriM,505
W107,AndreB,EllG,RicharC,506
W108,AngelB,MegaP,ZoL,507
W109,AnnB,EmmC,ThomaP,508
W110,AnnB,JakS,DonnG,509
W111,AudreB,PippV,RoberW,510
W112,AvB,ClairV,JameD,511
W113,BellB,EmmN,WandG,620
W114,BernadettB,JoaP,AndreR,621
W115,CaroB,ConnoC,ChristiaB,622
W116,CarolinB,NataliT,DaY,623
W117,CarolyB,HarrP,VirginiH,624
W118,ChloB,EmmK,RacheJ,625
W119,ClairB,AdaS,DaW,626
W120,DeirdrC,NicholaC,OliveC,627
W121,DianC,IrenD,FaitJ,628
W122,DianC,LilliaS,MichaeH,629
W123,DonnC,StephaniN,SophiD,630
W124,DorothC,AudreS,SimoB,631
W125,ElizabetC,StepheP,HeatheD,632
W126,EllC,WarreH,TheresV,633
W127,EmilC,ZoM,IsaaP,701
W128,EmmC,PeteG,IsaaR,702
W129,FaitD,AbigaiJ,LaureS,703
W130,FelicitD,JennifeB,JessicP,704
W131,FionD,ChristiaF,AndreK,705
W132,GabriellD,SaraJ,JasoS,706
W133,GracD,NeiB,RacheW,707
W134,HannaD,OweM,RyaW,708
W135,HeatheE,AndreB,AnnP,709
W136,IrenE,DianA,RyaH,710
W137,JaF,PhiP,EmilV,711
W138,JanF,SaK,LukM,712
W139,JasminF,SophiS,FionP,713
W140,JennifeF,CameroU,AmandB,714
W141,JessicG,NicholaH,PauS,715
W142,JoaG,FranB,LeaA,716
W143,JoannG,LilliaL,PierB,717
W144,JuliG,MollB,AustiB,718
W145,KareG,NataliS,DeirdrD,719
W146,KatherinG,EmilM,TraceS,720
W147,KimberlG,AustiK,FelicitH,721
W148,KyliH,ChristopheJ,AngelF,722
W149,LaureH,JaD,SeaD,723
W150,LeaH,GaviC,JennifeM,724
W151,LilliaH,StewarM,JoshuY,725
W152,LilH,SteveB,EriP,726
W153,LisH,CarH,KimberlC,727
W154,MadeleinH,ChristiaR,AndreS,728
W155,MariH,AdaK,DylaA,729
W156,MarH,KyliC,NicholaJ,730
W157,MegaH,LucaG,DeirdrJ,731
W158,MelaniH,LukC,KeitC,732
W159,MichellH,YvonnN,NathaH,733
W160,MollI,DonnM,BrandoP,734
W161,NataliJ,SeaM,AdaD,735
W162,NicolJ,BriaS,LeaB,736
W163,OliviJ,KeviA,MatM,737
W164,PenelopJ,DaviB,GracL,738
W165,PippK,AudreP,TheresM,800
W166,RacheK,PierH,MichaeS,801
W167,RebeccK,SallL,JoshuH,902
W168,RosK,AmV,NULL,803
W169,RutL,SamanthB,NULL,804
W170,SallL,JustiR,NULL,805
W171,SamanthL,TheresH,NULL,806
W172,SaraL,SeaS,NULL,807
W173,SoniL,EmilM,NULL,808
W174,SophiL,TrevoP,NULL,809
W175,StephaniM,MollY,NULL,810
W176,SuM,RutJ,NULL,900
W177,TheresM,PhiS,NULL,901
W178,TraceM,HeatheP,NULL,902
W179,CameroM,ChloC,NULL,903
W180,CarM,ChristiaL,NULL,904
W181,CharleM,OliveS,NULL,905
W182,ChristiaM,DominiM,NULL,906
W183,ChristopheM,NataliK,NULL,907
W184,ColiM,MaB,NULL,908
W185,ConnoM,PenelopR,NULL,909
W186,DaM,SoniM,NULL,910
W187,DaviM,JameG,NULL,911
W188,DominiM,CameroN,NULL,912
W190,EdwarM,BriaP,NULL,914
W191,EriM,RacheM,NULL,915
W192,EvaM,KatherinG,NULL,916
W193,FranM,ChristiaM,NULL,917
W194,GaviN,ThomaY,NULL,918
W195,GordoN,ThomaH,NULL,919
W196,HarrN,PhiK,NULL,920
W197,IaN,ElizabetN,NULL,921
W198,IsaaO,SaraM,NULL,922
W199,JacO,AndreG,NULL,923
W200,JacoP,DylaA,NULL,924
